{"fg-blank":[0,0],"bg-blank":[0,0],"fg-green1111":[30.999999999999943,30.999996948242227],"fg-green2":[31,30.999995000000013],"bg-green1111":[33,33],"bg-green2":[33,33],"fg-green3":[27.991070000000008,28.166664999999995],"bg-green3":[0,0],"fg-green1100":[31,0.9999950000000126],"bg-green1100":[40,40],"fg-green1000":[31,0.9999950000000126],"fg-green0011":[31,0.9999950000000126],"bg-green1000":[33,3],"bg-green0011":[33,3],"fg-big":[56.099999999999994,56.099999999999795],"bg-big":[56.099999999999994,56.09999999999978],"fg-green0101":[31,0.9999950000000126],"fg-spike2":[0,0],"bg-green0101":[33,28],"bg-spike2":[27,-2],"fg-window":[0,0],"fg-green1111b4":[0,0],"bg-window":[22,22],"bg-green1111b4":[22,22],"fg-spike1":[0,0],"bg-spike1":[27,-2],"fg-unused":[31,30.999995000000013],"fg-lift2x1":[31,30.999995000000013],"bg-unused":[33,33],"bg-lift2x1":[33,33],"fg-moba":[11.5,11.499995000000013],"bg-moba":[0,0],"fg-stopper":[27.991070000000008,28.166664999999995],"bg-stopper":[0,0],"fg-green1101":[31,30.999995000000013],"bg-green1101":[33,33],"fg-green1110":[33,2.9999950000000126],"bg-green1110":[0,0],"fg-apple":[0,0],"bg-apple":[10,11.99998500000001],"fg-stop1":[27.991070000000008,0.3333250000000021],"fg-spikes":[27.991070000000008,0.3333250000000021],"bg-stop1":[0,0],"bg-spikes":[0,0],"fg-spike0909":[31,30.99998500000001],"fg-spikes2":[31,30.99998500000001],"bg-spike0909":[33,33],"bg-spikes2":[33,33],"fg-spike0099":[31,30.999965000000003],"fg-spikes3":[31,30.999965000000003],"bg-spike0099":[33,33],"bg-spikes3":[33,33],"fg-saw2":[0,0],"bg-saw2":[32.000000000000085,32],"fg-saw3":[31,30.999975000000006],"bg-saw3":[33,33],"fg-green1111b":[31,30.999995000000013],"bg-green1111b":[33,33],"fg-outofshot":[28.741070000000008,28.916645000000017],"fg-green1111b2":[28.741070000000008,28.916645000000017],"bg-outofshot":[0,0],"bg-green1111b2":[0,0],"fg-lift2x2":[33,32.99999500000001],"fg-green1111b5":[33,32.99999500000001],"bg-lift2x2":[0,0],"bg-green1111b5":[0,0],"fg-lift2x3":[33,32.99999500000001],"fg-green1111b6":[33,32.99999500000001],"bg-lift2x3":[0,0],"bg-green1111b6":[0,0],"fg-checkpoint9":[0,0],"fg-flag":[0,0],"bg-checkpoint9":[7,23.014084999999994],"bg-flag":[7,23.014084999999994],"fg-checkpoint2":[0,0],"fg-flag2":[0,0],"bg-checkpoint2":[7,23.014084999999994],"bg-flag2":[7,23.014084999999994],"fg-checkpoint7":[0,0],"fg-flag3":[0,0],"bg-checkpoint7":[7,23.014084999999994],"bg-flag3":[7,23.014084999999994],"fg-checkpoint4":[0,0],"fg-flag4":[0,0],"bg-checkpoint4":[7,23.014084999999994],"bg-flag4":[7,23.014084999999994],"fg-checkpoint8":[0,0],"fg-flag5":[0,0],"bg-checkpoint8":[7,23.014084999999994],"bg-flag5":[7,23.014084999999994],"fg-checkpoint6":[0,0],"fg-flag6":[0,0],"bg-checkpoint6":[7,23.014084999999994],"bg-flag6":[7,23.014084999999994],"fg-bird01":[18,19.999995000000013],"bg-bird01":[0,0],"fg-stomp01":[33,32.99999500000001],"bg-stomp01":[0,0],"fg-green1111bang":[33,32.99999500000001],"bg-green1111bang":[33,33],"fg-crumble00118":[31,30.999995000000013],"bg-crumble00118":[40,40],"fg-crumble00111":[31,30.999995000000013],"bg-crumble00111":[33,33],"fg-crumble00112":[31,30.999995000000013],"bg-crumble00112":[40,40],"fg-crumble00113":[31,30.999995000000013],"bg-crumble00113":[40,40],"fg-crumble00114":[31,30.999995000000013],"bg-crumble00114":[40,40],"fg-crumble00115":[31,30.999995000000013],"bg-crumble00115":[40,40],"fg-crumble00116":[31,30.999995000000013],"bg-crumble00116":[40,40],"fg-crumble00117":[1,30.999995000000013],"bg-crumble00117":[40,40],"fg-spring2":[31,32.99999500000001],"bg-spring2":[33,3],"fg-spring3":[31,2.9999950000000126],"bg-spring3":[33,3],"fg-launcher1111d":[31,32.99999500000001],"fg-launcher1111d2":[22,21.999995000000013],"bg-launcher1111d":[33,33],"bg-launcher1111d2":[0,0],"fg-launcher1111d3":[22,21.999995000000013],"bg-launcher1111d3":[0,0],"fg-crumble0010":[31,30.999995000000013],"bg-crumble0010":[40,40],"fg-crumble0010b":[31,30.999995000000013],"bg-crumble0010b":[40,40],"fg-crumble0010c":[31,30.999995000000013],"bg-crumble0010c":[40,40],"fg-crumble0010d":[16,30.999995000000013],"bg-crumble0010d":[40,40],"fg-convey2":[33,32.99999500000001],"fg-convey21":[32,30.999995000000013],"bg-convey2":[33,33],"bg-convey21":[33,33],"fg-convey3":[32,30.999995000000013],"bg-convey3":[33,33],"fg-convey22":[32,30.999995000000013],"fg-convey4":[32,30.999995000000013],"bg-convey22":[33,33],"bg-convey4":[33,33],"fg-convey23":[32,30.999995000000013],"fg-convey5":[32,30.999995000000013],"bg-convey23":[33,33],"bg-convey5":[33,33],"fg-convey24":[32,30.999995000000013],"fg-convey6":[32,30.999995000000013],"bg-convey24":[33,33],"bg-convey6":[33,33],"fg-convey25":[32,30.999995000000013],"fg-convey8":[32,30.999995000000013],"bg-convey25":[33,33],"bg-convey8":[33,33],"fg-convey26":[32,30.999995000000013],"fg-convey7":[32,30.999995000000013],"bg-convey26":[33,33],"bg-convey7":[33,33],"fg-enemypip":[27.16667000000001,10.954505000000012],"bg-enemypip":[0,0],"fg-burtha":[33,93],"fg-enemyburtha":[33,93],"bg-burtha":[0,0],"bg-enemyburtha":[0,0],"fg-spider":[93.43,108],"fg-bossspider":[93.43,108],"bg-spider":[17.604908807479916,10.851916858182392],"bg-bossspider":[17.604908807479916,10.851916858182392],"fg-worma":[27,12.289995000000005],"bg-worma":[0,0],"fg-worma2":[27,12.289995000000005],"bg-worma2":[0,0],"fg-end1":[0,0],"fg-end":[0,0],"bg-end1":[7,23.014084999999994],"bg-end":[7,23.014084999999994],"fg-end2":[0,0],"bg-end2":[7,23.014084999999994],"fg-end3":[0,0],"bg-end3":[7,23.014084999999994],"fg-end4":[0,0],"bg-end4":[7,23.014084999999994],"fg-end5":[0,0],"bg-end5":[7,23.014084999999994],"fg-costume1":[31,30.999995000000013],"bg-costume1":[33,33],"fg-appleattach":[10,11.999975000000006],"bg-appleattach":[0,0],"fg-key01":[8,15],"bg-key01":[0,0],"fg-activate":[28.576330000000013,27.804000000000002],"bg-activate":[0,0],"fg-lock02":[31,27],"fg-lock2":[31,27],"bg-lock02":[33,29],"bg-lock2":[33,29],"fg-lift2x4":[33,32.99998500000001],"fg-costume2":[0,0],"bg-lift2x4":[0,0],"bg-costume2":[27,-2],"fg-spikearound":[40,40],"bg-spikearound":[40,40],"fg-enemyb":[22,15],"fg-costume3":[0,0],"bg-enemyb":[0,0],"bg-costume3":[-3,-2],"fg-player":[24.625,26.5],"bg-player":[0,0],"fg-spike3":[0,0],"bg-spike3":[27,-2],"fg-spike4":[0,0],"bg-spike4":[-3,-2],"fg-green4":[31,30.999955],"bg-green4":[33,33],"fg-green5":[31,30.999965000000003],"bg-green5":[33,33],"fg-green6":[30.999999999999943,30.999996948242227],"bg-green6":[33,33],"fg-green7":[30.999999999999943,30.999996948242227],"bg-green7":[33,33],"fg-costume4":[28.576330000000013,28.16665499999999],"fg-spike5":[31,-21],"bg-costume4":[0,0],"bg-spike5":[33,4.857142857142861],"fg-activate2":[28.576330000000013,28.16665499999999],"bg-activate2":[0,0],"fg-costume5":[0,0],"fg-applemega":[0,0],"bg-costume5":[19.652690000000007,22.033440000000013],"bg-applemega":[19.652690000000007,22.033440000000013],"fg-costume6":[31,30.99998500000001],"fg-green8":[31,30.99998500000001],"bg-costume6":[33,33],"bg-green8":[33,33]}
